{
  "hash": "d805e953",
  "configHash": "3a6cf800",
  "lockfileHash": "19825aff",
  "browserHash": "1021b3ae",
  "optimized": {
    "@angular/common": {
      "src": "../../../../../node_modules/@angular/common/fesm2022/common.mjs",
      "file": "@angular_common.js",
      "fileHash": "f72a2d2a",
      "needsInterop": false
    },
    "@angular/core": {
      "src": "../../../../../node_modules/@angular/core/fesm2022/core.mjs",
      "file": "@angular_core.js",
      "fileHash": "57227b36",
      "needsInterop": false
    },
    "@angular/material/button": {
      "src": "../../../../../node_modules/@angular/material/fesm2022/button.mjs",
      "file": "@angular_material_button.js",
      "fileHash": "ba9d0aa9",
      "needsInterop": false
    },
    "@angular/material/card": {
      "src": "../../../../../node_modules/@angular/material/fesm2022/card.mjs",
      "file": "@angular_material_card.js",
      "fileHash": "b1c16ade",
      "needsInterop": false
    },
    "@angular/material/checkbox": {
      "src": "../../../../../node_modules/@angular/material/fesm2022/checkbox.mjs",
      "file": "@angular_material_checkbox.js",
      "fileHash": "e3d9034e",
      "needsInterop": false
    },
    "@angular/material/core": {
      "src": "../../../../../node_modules/@angular/material/fesm2022/core.mjs",
      "file": "@angular_material_core.js",
      "fileHash": "b94fe80d",
      "needsInterop": false
    },
    "@angular/material/datepicker": {
      "src": "../../../../../node_modules/@angular/material/fesm2022/datepicker.mjs",
      "file": "@angular_material_datepicker.js",
      "fileHash": "7c1b0332",
      "needsInterop": false
    },
    "@angular/material/form-field": {
      "src": "../../../../../node_modules/@angular/material/fesm2022/form-field.mjs",
      "file": "@angular_material_form-field.js",
      "fileHash": "0ccf2127",
      "needsInterop": false
    },
    "@angular/material/icon": {
      "src": "../../../../../node_modules/@angular/material/fesm2022/icon.mjs",
      "file": "@angular_material_icon.js",
      "fileHash": "e807b876",
      "needsInterop": false
    },
    "@angular/material/input": {
      "src": "../../../../../node_modules/@angular/material/fesm2022/input.mjs",
      "file": "@angular_material_input.js",
      "fileHash": "c49589ad",
      "needsInterop": false
    },
    "@angular/material/radio": {
      "src": "../../../../../node_modules/@angular/material/fesm2022/radio.mjs",
      "file": "@angular_material_radio.js",
      "fileHash": "98bbffb7",
      "needsInterop": false
    },
    "@angular/material/select": {
      "src": "../../../../../node_modules/@angular/material/fesm2022/select.mjs",
      "file": "@angular_material_select.js",
      "fileHash": "32429937",
      "needsInterop": false
    },
    "@angular/platform-browser": {
      "src": "../../../../../node_modules/@angular/platform-browser/fesm2022/platform-browser.mjs",
      "file": "@angular_platform-browser.js",
      "fileHash": "e5eabf70",
      "needsInterop": false
    },
    "@angular/platform-browser/animations/async": {
      "src": "../../../../../node_modules/@angular/platform-browser/fesm2022/animations/async.mjs",
      "file": "@angular_platform-browser_animations_async.js",
      "fileHash": "2482a8f3",
      "needsInterop": false
    },
    "@angular/router": {
      "src": "../../../../../node_modules/@angular/router/fesm2022/router.mjs",
      "file": "@angular_router.js",
      "fileHash": "ed6494aa",
      "needsInterop": false
    },
    "@angular/forms": {
      "src": "../../../../../node_modules/@angular/forms/fesm2022/forms.mjs",
      "file": "@angular_forms.js",
      "fileHash": "a5f3b190",
      "needsInterop": false
    }
  },
  "chunks": {
    "browser-3HGYUNWQ": {
      "file": "browser-3HGYUNWQ.js"
    },
    "chunk-EEIKP7F5": {
      "file": "chunk-EEIKP7F5.js"
    },
    "chunk-77B75RIN": {
      "file": "chunk-77B75RIN.js"
    },
    "chunk-7Y6T7NL6": {
      "file": "chunk-7Y6T7NL6.js"
    },
    "chunk-GWOHIU26": {
      "file": "chunk-GWOHIU26.js"
    },
    "chunk-B7CO6RW4": {
      "file": "chunk-B7CO6RW4.js"
    },
    "chunk-CNRLF4PE": {
      "file": "chunk-CNRLF4PE.js"
    },
    "chunk-GVVYMDEC": {
      "file": "chunk-GVVYMDEC.js"
    },
    "chunk-ACAVYUF4": {
      "file": "chunk-ACAVYUF4.js"
    },
    "chunk-5XOYFVJJ": {
      "file": "chunk-5XOYFVJJ.js"
    },
    "chunk-7QFQFVTE": {
      "file": "chunk-7QFQFVTE.js"
    },
    "chunk-2RDZH5N6": {
      "file": "chunk-2RDZH5N6.js"
    }
  }
}